STATE,LATITUDE,LONGITUDE,TEMP
ALASKA,59.44,-153.13,92.2
ALASKA,51.58,-176.37,63.0
ALASKA,51.58,-176.37,71.0
ALASKA,54.09,-165.55,84.0
ALASKA,54.09,-165.55,58.8
ALASKA,54.09,-165.5,83.0
ALASKA,55.44,-162.07,142.8
ALASKA,59.44,-153.14,100.0
ALASKA,60.33,-152.07,82.2
ALASKA,55.58,-131.39,85.0
ALASKA,57.05,-134.5,51.0
ALASKA,57.05,-134.5,51.7
ALASKA,55.55,-131.34,72.0
ALASKA,60.03,-142.12,66.7
ALASKA,56.13,-131.16,57.0
ALASKA,65.03,-146.03,51.1
ALASKA,65.03,-146.03,65.0
ALASKA,65.03,-146.03,57.0
ALASKA,56.43,-132.0,50.5
ALASKA,56.43,-132.0,52.0
ALASKA,56.43,-132.0,50.4
ALASKA,65.28,-144.38,57.0
ALASKA,64.51,-162.18,67.0
ALASKA,64.51,-162.18,67.0
ALASKA,55.13,-162.24,53.6
ALASKA,66.22,-156.46,55.0
ALASKA,65.16,-155.16,55.0
ALASKA,55.13,-162.28,54.0
ALASKA,54.56,-162.54,50.6
ALASKA,54.55,-163.14,62.2
ALASKA,61.38,-150.05,76.7
ALASKA,57.51,-156.29,52.8
ALASKA,53.13,-168.28,100.0
ALASKA,53.12,-168.27,101.0
ALASKA,57.25,-157.44,92.2
ALASKA,52.02,-176.06,100.0
ALASKA,52.02,-176.06,100.0
ALASKA,52.02,-176.06,95.0
ALASKA,56.58,-158.41,138.9
ALASKA,56.12,-160.1,131.1
ALASKA,60.43,-150.54,62.2
ALASKA,53.14,-168.21,89.0
ALASKA,53.15,-168.21,68.0
ALASKA,53.14,-168.21,87.0
ALASKA,57.37,-155.51,210.0
ALASKA,53.15,-168.21,92.5
ALASKA,66.2,-150.51,66.0
ALASKA,65.48,-151.14,66.0
ALASKA,65.59,-150.35,66.0
ALASKA,65.0,-150.37,52.0
ALASKA,65.0,-150.37,56.0
ALASKA,65.0,-150.37,59.0
ALASKA,65.07,-154.41,56.0
ALASKA,57.1,-157.01,66.0
ALASKA,53.24,-168.1,96.5
ALASKA,53.24,-168.1,98.0
ALASKA,53.24,-168.1,97.0
ALASKA,60.46,-152.05,60.0
ALASKA,55.51,-161.34,151.1
ALASKA,65.05,-164.55,55.0
ALASKA,65.05,-164.55,69.0
ALASKA,55.51,-160.29,73.9
ALASKA,55.51,-160.29,71.0
ALASKA,55.31,-161.05,71.1
ALASKA,57.21,-156.23,139.4
ALASKA,65.51,-164.41,60.0
ALASKA,65.51,-164.42,60.0
ALASKA,65.51,-164.42,71.0
ALASKA,56.43,-132.02,52.0
ALASKA,60.44,-152.0,75.0
ALASKA,60.59,-151.37,64.4
ALASKA,56.5,-135.22,65.0
ALASKA,60.46,-150.51,102.8
ALASKA,58.0,-135.55,81.5
ALASKA,65.16,-148.5,56.0
ALASKA,61.29,-149.51,66.1
ALASKA,60.16,-151.25,50.6
ALASKA,60.16,-151.25,94.4
ALASKA,57.49,-156.3,81.0
ARIZONA,32.58,-109.2,82.0
ARIZONA,32.58,-109.2,82.0
ARIZONA,32.58,-109.2,82.0
ARIZONA,33.24,-109.09,54.0
ARIZONA,33.24,-109.09,55.5
ARIZONA,33.24,-109.09,54.0
ARIZONA,32.2,-110.14,52.5
ARIZONA,32.2,-110.14,52.0
ARIZONA,32.2,-110.14,51.5
ARIZONA,32.57,-111.32,56.8
ARIZONA,32.54,-111.34,61.0
ARIZONA,32.56,-111.35,55.6
ARIZONA,33.04,-109.18,61.0
ARIZONA,33.29,-112.56,50.5
ARIZONA,36.0,-114.44,64.0
ARIZONA,33.29,-112.25,84.4
ARIZONA,32.2,-110.02,54.4
ARIZONA,32.59,-111.34,61.7
ARKANSAS,33.13,-93.17,107.2
ARKANSAS,33.13,-93.11,107.2
ARKANSAS,33.13,-93.12,100.0
ARKANSAS,34.3,-93.03,61.8
ARKANSAS,34.3,-93.03,60.0
ARKANSAS,33.17,-93.04,91.0
ARKANSAS,33.26,-93.26,90.0
ARKANSAS,33.28,-93.34,89.4
CALIFORNIA,33.03,-115.22,55.2
CALIFORNIA,32.59,-115.04,71.1
CALIFORNIA,40.18,-120.11,92.0
CALIFORNIA,40.18,-120.11,95.5
CALIFORNIA,40.18,-120.11,92.2
CALIFORNIA,40.18,-122.11,95.1
CALIFORNIA,40.18,-120.11,87.0
CALIFORNIA,40.18,-120.11,79.0
CALIFORNIA,38.46,-122.42,53.3
CALIFORNIA,38.46,-122.42,51.1
CALIFORNIA,38.46,-122.42,63.0
CALIFORNIA,38.46,-122.42,54.5
CALIFORNIA,33.57,-116.29,57.8
CALIFORNIA,34.11,-117.15,86.1
CALIFORNIA,34.11,-117.15,80.0
CALIFORNIA,34.11,-117.15,94.4
CALIFORNIA,34.11,-117.15,82.2
CALIFORNIA,34.11,-117.15,94.4
CALIFORNIA,34.11,-117.15,94.4
CALIFORNIA,34.11,-117.15,70.0
CALIFORNIA,33.25,-115.4,57.0
CALIFORNIA,33.25,-115.4,61.7
CALIFORNIA,41.08,-121.06,78.3
CALIFORNIA,41.08,-121.06,80.0
CALIFORNIA,41.08,-121.06,79.0
CALIFORNIA,37.48,-118.31,57.8
CALIFORNIA,37.48,-118.32,56.5
CALIFORNIA,37.48,-118.31,63.0
CALIFORNIA,41.01,-121.55,82.0
CALIFORNIA,33.58,-116.29,54.4
CALIFORNIA,40.26,-121.23,87.8
CALIFORNIA,39.0,-122.39,98.9
CALIFORNIA,38.13,-119.12,51.0
CALIFORNIA,39.13,-120.0,55.6
CALIFORNIA,39.13,-120.0,55.0
CALIFORNIA,38.14,-119.19,60.0
CALIFORNIA,40.27,-121.3,84.1
CALIFORNIA,40.27,-121.3,79.0
CALIFORNIA,40.27,-121.3,86.2
CALIFORNIA,40.27,-121.3,50.3
CALIFORNIA,40.27,-121.3,87.0
CALIFORNIA,40.27,-121.3,56.2
CALIFORNIA,40.27,-121.3,100.0
CALIFORNIA,32.48,-115.0,100.0
CALIFORNIA,35.52,-118.4,51.0
CALIFORNIA,35.52,-118.4,51.0
CALIFORNIA,38.36,-122.36,137.8
CALIFORNIA,37.39,-118.55,53.3
CALIFORNIA,37.38,-118.54,82.0
CALIFORNIA,37.38,-118.51,73.9
CALIFORNIA,37.38,-118.51,89.0
CALIFORNIA,37.38,-118.51,60.0
CALIFORNIA,37.38,-118.54,99.0
CALIFORNIA,38.46,-122.42,73.3
CALIFORNIA,37.38,-118.51,134.0
CALIFORNIA,33.58,-116.3,51.7
CALIFORNIA,36.38,-117.46,80.0
CALIFORNIA,36.38,-117.46,80.0
CALIFORNIA,36.38,-117.46,80.0
CALIFORNIA,36.03,-117.46,115.6
CALIFORNIA,38.02,-119.04,66.0
CALIFORNIA,38.02,-119.04,65.5
CALIFORNIA,37.4,-118.46,53.3
CALIFORNIA,32.56,-115.22,54.0
CALIFORNIA,40.26,-121.26,96.1
CALIFORNIA,40.1,-122.38,100.0
CALIFORNIA,36.02,-117.47,96.7
CALIFORNIA,33.01,-115.21,51.0
CALIFORNIA,33.01,-115.21,52.2
CALIFORNIA,33.58,-116.29,63.3
CALIFORNIA,40.26,-121.24,66.0
CALIFORNIA,38.53,-122.47,82.2
CALIFORNIA,33.12,-115.34,88.9
CALIFORNIA,33.1,-115.36,280.0
CALIFORNIA,33.12,-115.34,345.0
CALIFORNIA,39.03,-122.28,64.4
CALIFORNIA,38.21,-119.24,60.0
CALIFORNIA,39.03,-122.28,68.0
CALIFORNIA,39.03,-122.28,68.5
CALIFORNIA,39.03,-122.28,58.0
CALIFORNIA,39.03,-122.28,59.5
CALIFORNIA,33.4,-117.19,51.6
CALIFORNIA,37.38,-118.54,94.0
CALIFORNIA,37.38,-118.54,178.0
CALIFORNIA,37.38,-118.54,178.0
CALIFORNIA,37.38,-118.54,174.0
CALIFORNIA,37.38,-118.54,172.0
CALIFORNIA,38.21,-119.24,60.0
CALIFORNIA,38.21,-119.24,61.0
CALIFORNIA,38.21,-119.23,60.0
CALIFORNIA,38.21,-119.24,59.0
CALIFORNIA,38.21,-119.24,60.0
CALIFORNIA,38.21,-119.24,82.2
CALIFORNIA,32.58,-115.27,52.0
CALIFORNIA,33.24,-115.39,60.0
CALIFORNIA,33.25,-115.4,57.0
CALIFORNIA,39.42,-120.19,94.2
CALIFORNIA,39.42,-120.19,51.3
CALIFORNIA,39.42,-120.19,93.3
CALIFORNIA,39.42,-120.19,93.3
CALIFORNIA,41.27,-120.48,116.0
CALIFORNIA,41.27,-120.5,110.0
CALIFORNIA,33.45,-117.29,55.0
CALIFORNIA,38.41,-119.5,65.6
CALIFORNIA,38.41,-119.5,56.1
CALIFORNIA,38.41,-119.5,64.0
CALIFORNIA,33.0,-115.23,55.7
CALIFORNIA,40.21,-120.15,94.0
CALIFORNIA,33.14,-116.0,57.8
CALIFORNIA,33.15,-116.0,59.0
CALIFORNIA,33.55,-116.26,73.9
CALIFORNIA,37.39,-118.49,71.0
CALIFORNIA,37.39,-118.49,87.8
CALIFORNIA,37.39,-118.49,90.0
CALIFORNIA,37.39,-118.49,86.0
CALIFORNIA,37.39,-118.49,93.0
CALIFORNIA,33.25,-115.41,87.8
CALIFORNIA,41.02,-121.55,57.8
CALIFORNIA,41.02,-121.55,57.6
CALIFORNIA,33.25,-115.41,70.0
CALIFORNIA,33.25,-115.41,74.0
CALIFORNIA,33.11,-115.35,348.9
CALIFORNIA,33.12,-115.35,105.0
CALIFORNIA,38.48,-122.48,79.0
CALIFORNIA,33.55,-116.26,79.4
CALIFORNIA,39.02,-122.25,61.0
CALIFORNIA,41.07,-121.01,78.4
CALIFORNIA,41.07,-121.01,82.0
CALIFORNIA,41.27,-120.5,91.5
CALIFORNIA,41.27,-120.5,90.0
CALIFORNIA,37.15,-118.22,54.4
CALIFORNIA,37.15,-118.22,51.0
CALIFORNIA,37.15,-118.22,54.5
CALIFORNIA,37.15,-118.22,54.5
CALIFORNIA,37.15,-118.22,52.2
CALIFORNIA,36.28,-118.24,50.6
CALIFORNIA,33.26,-115.41,78.9
CALIFORNIA,41.57,-122.12,60.0
CALIFORNIA,41.58,-122.12,69.0
CALIFORNIA,33.02,-115.22,128.9
CALIFORNIA,41.4,-120.12,91.0
CALIFORNIA,33.55,-116.26,79.4
CALIFORNIA,40.26,-121.23,93.0
CALIFORNIA,40.26,-121.23,93.0
CALIFORNIA,40.26,-121.23,93.3
CALIFORNIA,40.26,-121.23,90.0
CALIFORNIA,40.26,-121.23,94.0
CALIFORNIA,40.26,-121.23,83.0
CALIFORNIA,40.27,-121.3,88.5
CALIFORNIA,40.27,-121.3,91.5
CALIFORNIA,40.27,-121.29,84.5
CALIFORNIA,40.27,-121.3,63.0
CALIFORNIA,40.27,-121.3,90.0
CALIFORNIA,40.27,-121.3,87.5
CALIFORNIA,40.27,-121.3,91.0
CALIFORNIA,40.26,-121.26,82.0
CALIFORNIA,40.26,-121.26,92.5
CALIFORNIA,40.26,-121.26,93.5
CALIFORNIA,40.26,-121.26,93.0
CALIFORNIA,40.26,-121.26,65.0
CALIFORNIA,40.26,-121.26,85.0
CALIFORNIA,40.26,-121.26,61.0
CALIFORNIA,40.26,-121.26,93.0
CALIFORNIA,40.26,-121.26,92.5
CALIFORNIA,40.26,-121.26,86.0
CALIFORNIA,40.26,-121.26,83.0
CALIFORNIA,40.26,-121.26,91.0
CALIFORNIA,40.28,-121.32,85.0
CALIFORNIA,41.36,-120.05,61.8
CALIFORNIA,41.35,-120.05,60.0
CALIFORNIA,41.36,-120.05,61.8
CALIFORNIA,41.36,-120.05,60.0
CALIFORNIA,38.46,-122.45,71.1
CALIFORNIA,38.48,-122.48,95.9
CALIFORNIA,38.48,-122.48,71.0
CALIFORNIA,38.48,-122.48,87.3
CALIFORNIA,37.41,-118.5,82.2
CALIFORNIA,37.41,-118.5,79.0
CALIFORNIA,41.13,-121.24,75.7
CALIFORNIA,38.01,-119.04,62.2
CALIFORNIA,33.55,-116.26,93.3
CALIFORNIA,32.42,-115.33,158.9
CALIFORNIA,32.42,-115.32,167.8
CALIFORNIA,32.47,-115.17,126.1
CALIFORNIA,41.4,-120.13,137.0
CALIFORNIA,41.4,-120.12,125.0
CALIFORNIA,41.4,-120.13,160.0
CALIFORNIA,41.4,-120.13,140.0
CALIFORNIA,41.31,-120.04,54.0
CALIFORNIA,40.21,-120.15,79.0
CALIFORNIA,40.18,-120.11,107.0
CALIFORNIA,40.18,-120.11,98.0
CALIFORNIA,39.0,-122.39,135.5
CALIFORNIA,35.23,-117.32,96.1
CALIFORNIA,33.09,-115.36,171.0
CALIFORNIA,33.09,-115.37,265.0
CALIFORNIA,33.1,-115.37,278.3
CALIFORNIA,33.1,-115.37,297.8
CALIFORNIA,32.58,-115.25,50.9
CALIFORNIA,32.58,-115.25,52.0
CALIFORNIA,37.38,-118.54,148.0
CALIFORNIA,39.45,-120.21,70.3
CALIFORNIA,39.45,-120.21,73.2
CALIFORNIA,39.45,-120.21,73.0
CALIFORNIA,39.45,-120.21,70.0
CALIFORNIA,39.45,-120.21,73.3
CALIFORNIA,39.45,-120.21,73.9
CALIFORNIA,38.46,-122.42,100.0
CALIFORNIA,38.46,-122.42,100.0
CALIFORNIA,38.46,-122.42,100.0
CALIFORNIA,38.46,-122.42,100.0
CALIFORNIA,32.56,-115.22,51.7
CALIFORNIA,41.15,-120.04,59.0
CALIFORNIA,41.15,-120.04,57.4
CALIFORNIA,41.15,-120.04,56.6
CALIFORNIA,33.57,-116.28,62.8
CALIFORNIA,34.32,-119.33,56.1
CALIFORNIA,34.34,-119.33,52.2
CALIFORNIA,33.55,-116.25,65.6
CALIFORNIA,40.23,-121.3,93.3
CALIFORNIA,40.23,-121.3,96.0
CALIFORNIA,40.23,-121.3,96.0
CALIFORNIA,40.23,-121.3,95.4
CALIFORNIA,40.23,-121.3,76.0
CALIFORNIA,41.24,-122.11,83.9
CALIFORNIA,33.33,-117.09,57.2
CALIFORNIA,33.33,-117.09,57.7
CALIFORNIA,33.33,-117.09,55.6
CALIFORNIA,32.58,-115.26,51.4
CALIFORNIA,40.24,-120.39,63.0
CALIFORNIA,33.25,-115.41,81.1
CALIFORNIA,33.12,-115.35,310.0
CALIFORNIA,33.12,-115.35,167.8
CALIFORNIA,34.29,-119.2,50.6
CALIFORNIA,35.1,-120.42,57.2
CALIFORNIA,38.34,-122.34,98.9
CALIFORNIA,38.34,-122.34,100.0
CALIFORNIA,38.34,-122.34,138.0
CALIFORNIA,38.56,-122.44,187.0
CALIFORNIA,33.54,-116.25,56.7
CALIFORNIA,33.0,-115.23,57.0
CALIFORNIA,40.25,-121.22,129.4
CALIFORNIA,33.25,-115.41,82.2
CALIFORNIA,32.54,-115.21,52.0
CALIFORNIA,33.15,-116.0,59.4
CALIFORNIA,33.57,-116.29,65.6
CALIFORNIA,35.37,-118.28,55.5
CALIFORNIA,38.52,-122.41,52.2
CALIFORNIA,38.52,-122.41,52.5
CALIFORNIA,38.52,-122.41,57.0
CALIFORNIA,38.52,-122.41,52.0
CALIFORNIA,34.35,-118.59,68.0
CALIFORNIA,34.35,-118.59,89.0
CALIFORNIA,34.35,-118.35,90.0
CALIFORNIA,41.36,-120.06,85.4
CALIFORNIA,41.36,-120.06,86.0
CALIFORNIA,40.24,-120.09,95.5
CALIFORNIA,33.54,-116.25,54.4
CALIFORNIA,33.08,-115.37,100.0
CALIFORNIA,38.41,-123.01,55.0
CALIFORNIA,38.41,-123.01,57.2
CALIFORNIA,38.41,-123.01,53.9
CALIFORNIA,38.41,-123.01,54.5
CALIFORNIA,38.41,-123.01,56.0
CALIFORNIA,38.41,-123.01,53.9
CALIFORNIA,32.59,-115.04,71.0
CALIFORNIA,38.03,-119.03,53.9
CALIFORNIA,41.36,-121.31,88.3
CALIFORNIA,38.48,-122.48,84.5
CALIFORNIA,37.56,-119.01,54.0
CALIFORNIA,38.01,-119.04,58.0
CALIFORNIA,34.29,-119.2,50.6
CALIFORNIA,39.0,-122.39,69.5
CALIFORNIA,39.0,-122.39,80.5
CALIFORNIA,39.0,-122.39,79.7
CALIFORNIA,39.0,-122.39,58.5
CALIFORNIA,39.0,-122.39,53.0
CALIFORNIA,39.0,-122.39,77.0
CALIFORNIA,39.0,-122.39,57.0
CALIFORNIA,39.0,-122.39,57.0
CALIFORNIA,33.57,-116.29,74.4
CALIFORNIA,39.0,-122.39,85.0
CALIFORNIA,41.32,-120.04,98.1
CALIFORNIA,41.31,-120.04,98.0
CALIFORNIA,41.31,-120.04,86.0
CALIFORNIA,40.24,-120.39,64.0
CALIFORNIA,33.55,-116.25,51.7
CALIFORNIA,36.14,-121.33,62.0
CALIFORNIA,36.14,-121.33,59.0
CALIFORNIA,36.14,-121.33,57.0
CALIFORNIA,36.14,-121.33,59.0
CALIFORNIA,36.14,-121.33,63.0
CALIFORNIA,33.57,-116.28,68.9
CALIFORNIA,40.25,-121.22,96.1
CALIFORNIA,38.48,-122.48,100.0
CALIFORNIA,38.48,-122.48,100.0
CALIFORNIA,38.48,-122.48,58.3
CALIFORNIA,38.48,-122.48,88.0
CALIFORNIA,38.48,-122.48,98.3
CALIFORNIA,38.48,-122.48,98.2
CALIFORNIA,38.48,-122.48,89.0
CALIFORNIA,38.48,-122.48,98.2
CALIFORNIA,38.48,-122.48,98.2
CALIFORNIA,38.48,-122.48,98.4
CALIFORNIA,38.48,-122.48,98.3
CALIFORNIA,38.48,-122.48,98.2
CALIFORNIA,40.27,-121.32,79.4
CALIFORNIA,38.14,-119.12,82.0
CALIFORNIA,38.14,-119.12,69.0
CALIFORNIA,38.14,-119.12,64.0
CALIFORNIA,38.14,-119.12,64.5
CALIFORNIA,38.14,-119.12,67.0
CALIFORNIA,33.57,-116.29,76.1
CALIFORNIA,32.47,-115.15,186.7
CALIFORNIA,32.45,-115.14,83.3
CALIFORNIA,32.47,-115.13,201.7
CALIFORNIA,32.47,-115.14,202.0
CALIFORNIA,41.31,-120.04,96.0
CALIFORNIA,37.39,-118.48,78.0
CALIFORNIA,37.38,-118.48,58.0
CALIFORNIA,37.38,-118.48,60.0
CALIFORNIA,37.4,-118.47,55.0
CALIFORNIA,37.4,-118.47,56.0
CALIFORNIA,38.46,-119.42,84.0
CALIFORNIA,38.47,-119.42,65.0
CALIFORNIA,33.13,-115.34,100.0
CALIFORNIA,33.12,-115.35,100.0
CALIFORNIA,38.46,-119.42,65.0
CALIFORNIA,41.11,-120.23,77.3
CALIFORNIA,41.4,-120.12,96.5
CALIFORNIA,41.4,-120.12,86.0
CALIFORNIA,41.31,-120.05,98.0
CALIFORNIA,37.39,-118.49,96.0
CALIFORNIA,37.39,-118.5,91.0
CALIFORNIA,41.4,-120.12,97.0
CALIFORNIA,37.59,-119.01,78.3
CALIFORNIA,37.59,-119.01,83.0
CALIFORNIA,33.25,-115.41,76.7
CALIFORNIA,35.51,-117.2,58.3
CALIFORNIA,40.24,-120.39,53.3
CALIFORNIA,35.37,-118.28,53.0
CALIFORNIA,38.34,-122.31,82.0
CALIFORNIA,41.34,-120.1,69.0
CALIFORNIA,40.27,-121.32,65.6
CALIFORNIA,32.46,-115.14,95.0
CALIFORNIA,32.46,-115.14,100.0
CALIFORNIA,33.01,-115.31,138.9
CALIFORNIA,33.17,-116.37,59.0
CALIFORNIA,33.17,-116.37,54.4
CALIFORNIA,33.17,-116.37,60.0
CALIFORNIA,33.17,-116.37,58.8
CALIFORNIA,33.17,-116.37,59.4
CALIFORNIA,34.1,-117.16,50.6
CALIFORNIA,33.55,-116.26,97.8
CALIFORNIA,33.56,-116.28,75.6
CALIFORNIA,33.55,-116.25,81.1
CALIFORNIA,33.42,-116.19,83.3
CALIFORNIA,33.55,-116.25,87.8
CALIFORNIA,33.57,-116.28,63.3
CALIFORNIA,33.57,-116.28,56.7
CALIFORNIA,33.57,-116.28,67.2
CALIFORNIA,33.57,-116.29,80.0
CALIFORNIA,33.57,-116.28,61.1
CALIFORNIA,34.07,-117.13,54.4
CALIFORNIA,34.07,-117.12,51.1
CALIFORNIA,34.1,-116.06,66.7
CALIFORNIA,34.11,-116.07,53.0
CALIFORNIA,34.1,-116.0,63.0
CALIFORNIA,34.04,-117.17,51.1
CALIFORNIA,33.03,-115.22,55.2
CALIFORNIA,36.01,-117.46,96.5
CALIFORNIA,36.03,-117.46,115.6
CALIFORNIA,36.02,-117.46,78.4
CALIFORNIA,36.02,-117.46,95.0
CALIFORNIA,36.02,-117.46,97.8
CALIFORNIA,36.02,-117.46,97.2
CALIFORNIA,33.54,-117.48,73.3
CALIFORNIA,41.46,-120.1,53.3
CALIFORNIA,33.33,-117.1,71.0
CALIFORNIA,40.21,-120.15,95.6
CALIFORNIA,40.21,-120.15,95.5
CALIFORNIA,40.21,-120.15,95.5
CALIFORNIA,33.08,-115.37,100.0
CALIFORNIA,33.08,-115.36,246.0
CALIFORNIA,39.02,-122.25,50.5
CALIFORNIA,39.02,-122.25,53.0
CALIFORNIA,39.02,-122.25,60.0
CALIFORNIA,39.02,-122.25,52.0
CALIFORNIA,39.02,-122.25,52.7
CALIFORNIA,39.02,-122.25,57.0
CALIFORNIA,39.02,-122.25,53.0
CALIFORNIA,38.48,-122.48,100.0
CALIFORNIA,38.48,-122.48,94.0
COLORADO,39.13,-107.13,53.9
COLORADO,38.48,-106.13,52.0
COLORADO,38.48,-106.13,53.0
COLORADO,38.48,-106.13,54.0
COLORADO,38.48,-106.13,53.0
COLORADO,38.48,-106.13,58.0
COLORADO,38.48,-106.13,57.0
COLORADO,37.0,-106.47,70.0
COLORADO,39.33,-107.18,51.0
COLORADO,39.33,-107.18,51.0
COLORADO,39.33,-107.19,51.0
COLORADO,39.32,-107.19,51.0
COLORADO,39.32,-107.19,51.0
COLORADO,39.33,-107.19,51.0
COLORADO,39.33,-107.19,51.0
COLORADO,39.01,-105.47,52.0
COLORADO,39.01,-105.47,52.0
COLORADO,38.43,-106.1,84.0
COLORADO,38.3,-106.3,70.0
COLORADO,38.31,-106.3,70.0
COLORADO,38.31,-106.3,70.0
COLORADO,38.31,-106.3,70.0
COLORADO,38.31,-106.31,62.0
COLORADO,38.31,-106.3,70.0
COLORADO,38.1,-105.55,60.0
COLORADO,38.1,-105.55,60.0
COLORADO,38.1,-105.55,60.0
COLORADO,38.1,-105.55,60.0
COLORADO,38.1,-105.55,60.0
COLORADO,38.1,-105.55,60.0
COLORADO,38.1,-105.55,59.0
COLORADO,38.1,-105.55,60.0
COLORADO,38.1,-105.55,60.0
COLORADO,38.1,-105.55,63.0
COLORADO,38.1,-105.55,51.0
COLORADO,38.43,-106.1,54.0
COLORADO,38.43,-106.1,82.0
COLORADO,38.44,-106.1,67.0
COLORADO,38.43,-106.09,54.0
COLORADO,38.43,-106.1,83.0
COLORADO,38.43,-106.1,83.0
COLORADO,38.43,-106.09,54.0
COLORADO,38.43,-106.1,82.0
COLORADO,38.43,-106.1,72.0
COLORADO,38.43,-106.09,56.0
COLORADO,38.43,-106.1,66.0
COLORADO,38.43,-106.09,54.0
COLORADO,38.43,-106.09,54.0
COLORADO,38.43,-106.1,82.0
COLORADO,38.08,-107.44,57.5
COLORADO,38.07,-107.44,53.0
COLORADO,38.07,-107.44,52.0
COLORADO,38.07,-107.44,52.0
COLORADO,38.01,-107.4,67.0
COLORADO,38.01,-107.4,69.0
COLORADO,38.01,-107.4,53.0
COLORADO,37.15,-107.0,60.0
COLORADO,37.15,-107.0,58.0
COLORADO,37.15,-107.0,57.0
COLORADO,37.15,-107.0,53.0
COLORADO,37.15,-107.0,56.0
COLORADO,37.15,-107.0,54.0
COLORADO,37.15,-107.0,55.0
COLORADO,39.13,-107.13,56.0
COLORADO,38.29,-106.04,70.0
COLORADO,38.29,-106.04,66.0
COLORADO,38.29,-106.04,60.0
COLORADO,38.29,-106.04,71.0
COLORADO,38.29,-106.04,62.0
COLORADO,38.29,-106.04,63.0
COLORADO,38.29,-106.04,63.0
COLORADO,38.29,-106.04,71.0
COLORADO,38.29,-106.04,62.0
COLORADO,38.29,-106.04,56.0
COLORADO,38.29,-106.04,70.0
COLORADO,38.29,-106.04,66.1
COLORADO,40.33,-106.51,64.4
COLORADO,40.33,-106.51,64.0
COLORADO,40.33,-106.51,64.0
COLORADO,40.33,-106.51,64.0
COLORADO,40.33,-106.5,54.0
COLORADO,40.33,-106.51,64.0
COLORADO,40.33,-106.5,62.0
COLORADO,40.33,-106.5,51.0
COLORADO,37.45,-106.49,57.0
COLORADO,37.41,-106.49,51.0
COLORADO,37.41,-106.49,57.0
COLORADO,37.41,-106.49,55.0
COLORADO,37.41,-106.49,57.0
COLORADO,38.3,-106.3,77.0
COLORADO,38.31,-106.29,70.0
COLORADO,38.3,-106.3,77.0
COLORADO,38.3,-106.3,80.0
COLORADO,38.3,-106.3,54.0
COLORADO,38.3,-106.3,78.0
COLORADO,38.3,-106.3,78.0
COLORADO,38.3,-106.3,76.0
COLORADO,38.43,-106.1,65.0
HAWAII,19.27,-154.53,53.0
HAWAII,19.27,-154.53,52.2
IDAHO,42.57,-116.06,65.0
IDAHO,43.36,-116.09,75.0
IDAHO,43.48,-115.06,60.0
IDAHO,43.36,-116.1,56.0
IDAHO,43.37,-116.11,78.0
IDAHO,43.36,-116.11,74.0
IDAHO,42.41,-114.49,59.0
IDAHO,43.17,-114.54,70.0
IDAHO,43.17,-114.54,73.0
IDAHO,45.3,-115.02,61.0
IDAHO,45.18,-115.02,60.0
IDAHO,44.15,-114.49,60.0
IDAHO,42.7,-111.55,82.0
IDAHO,42.8,-111.55,84.0
IDAHO,42.7,-111.55,81.0
IDAHO,43.37,-116.11,76.0
IDAHO,43.06,-115.27,68.0
IDAHO,45.18,-114.2,93.0
IDAHO,43.05,-115.24,62.0
IDAHO,44.29,-114.11,189.0
IDAHO,42.42,-114.51,63.0
IDAHO,42.55,-115.03,57.0
IDAHO,44.21,-115.51,85.0
IDAHO,44.21,-115.51,86.0
IDAHO,44.21,-115.51,84.0
IDAHO,44.21,-115.51,88.0
IDAHO,44.21,-115.51,85.0
IDAHO,44.21,-115.51,86.0
IDAHO,43.36,-116.11,90.0
IDAHO,44.09,-115.18,85.0
IDAHO,44.09,-115.18,84.0
IDAHO,43.58,-114.29,54.0
IDAHO,43.32,-115.18,59.0
IDAHO,44.22,-115.5,66.5
IDAHO,44.25,-115.45,53.0
IDAHO,44.25,-116.01,67.0
IDAHO,44.25,-116.01,70.5
IDAHO,44.25,-116.01,71.0
IDAHO,42.5,-115.44,51.0
IDAHO,42.5,-115.44,50.5
IDAHO,43.19,-113.54,52.0
IDAHO,42.57,-116.04,67.0
IDAHO,42.57,-116.04,83.0
IDAHO,42.57,-116.04,81.0
IDAHO,42.57,-116.04,84.5
IDAHO,44.02,-115.5,55.0
IDAHO,44.02,-115.5,54.0
IDAHO,42.4,-115.52,52.0
IDAHO,44.4,-116.18,68.0
IDAHO,45.25,-116.0,59.0
IDAHO,44.47,-114.51,54.4
IDAHO,43.07,-115.2,57.0
IDAHO,44.18,-116.44,87.0
IDAHO,44.18,-116.44,56.0
IDAHO,44.18,-116.44,92.0
IDAHO,42.57,-116.05,60.0
IDAHO,42.56,-116.04,71.5
IDAHO,42.56,-116.04,64.0
IDAHO,43.34,-116.07,56.0
IDAHO,44.03,-115.49,60.0
IDAHO,44.17,-115.37,65.0
IDAHO,44.05,-116.03,79.5
IDAHO,45.02,-116.17,63.0
IDAHO,44.02,-115.51,54.5
IDAHO,43.47,-115.26,65.0
IDAHO,42.58,-116.17,66.0
IDAHO,42.58,-116.16,64.5
IDAHO,43.0,-116.19,64.0
IDAHO,42.7,-111.56,63.0
IDAHO,42.07,-111.56,63.0
IDAHO,43.25,-115.37,53.5
IDAHO,44.14,-114.53,57.0
IDAHO,42.58,-116.21,65.0
IDAHO,43.28,-116.33,51.0
IDAHO,45.02,-116.17,60.0
IDAHO,42.42,-114.51,65.0
IDAHO,44.39,-114.39,57.0
IDAHO,42.05,-113.23,93.0
IDAHO,42.59,-116.04,59.0
IDAHO,45.02,-116.17,70.0
IDAHO,45.02,-116.17,68.0
IDAHO,43.02,-116.19,76.5
IDAHO,43.02,-116.19,75.5
IDAHO,44.17,-117.02,70.0
IDAHO,44.17,-117.2,77.0
IDAHO,44.17,-117.2,70.0
IDAHO,44.17,-117.02,76.0
IDAHO,44.03,-115.54,51.0
IDAHO,44.03,-115.54,51.0
IDAHO,43.48,-115.24,55.0
IDAHO,42.14,-113.21,77.0
IDAHO,43.41,-114.24,70.5
IDAHO,43.3,-114.21,59.0
IDAHO,42.13,-113.21,63.0
IDAHO,42.41,-114.49,59.0
IDAHO,42.41,-114.49,57.0
IDAHO,44.04,-115.33,64.0
IDAHO,42.41,-114.51,57.0
IDAHO,43.36,-114.57,67.0
IDAHO,42.2,-115.39,69.0
IDAHO,43.21,-116.38,71.5
IDAHO,42.55,-116.07,61.0
IDAHO,44.04,-115.32,65.0
IDAHO,44.04,-115.32,64.0
IDAHO,44.49,-115.12,69.4
IDAHO,43.32,-115.16,60.0
IDAHO,43.06,-115.18,55.0
IDAHO,42.55,-116.04,55.0
IDAHO,42.55,-116.4,53.0
IDAHO,42.55,-116.04,62.0
IDAHO,44.08,-112.33,51.0
IDAHO,43.36,-114.57,56.0
IDAHO,42.54,-115.56,54.0
IDAHO,43.19,-114.23,72.0
IDAHO,42.18,-111.42,76.0
IDAHO,42.18,-111.42,71.0
IDAHO,42.18,-111.42,60.0
IDAHO,42.18,-111.42,72.0
IDAHO,42.18,-111.43,78.0
IDAHO,44.47,-115.07,88.3
IDAHO,44.48,-115.07,72.2
IDAHO,42.41,-114.51,54.0
IDAHO,42.41,-114.51,55.0
IDAHO,44.38,-115.41,59.0
IDAHO,44.38,-115.41,61.0
IDAHO,42.01,-115.21,54.5
IDAHO,42.01,-115.21,51.0
IDAHO,44.02,-115.51,55.0
IDAHO,43.45,-115.34,75.0
IDAHO,42.58,-116.07,60.0
IDAHO,43.35,-116.9,59.0
IDAHO,44.39,-114.44,56.0
IDAHO,43.33,-115.16,53.0
IDAHO,43.33,-115.16,56.0
IDAHO,44.05,-116.02,80.0
IDAHO,43.59,-114.47,60.0
IDAHO,44.03,-115.41,59.0
IDAHO,44.03,-115.41,59.5
IDAHO,44.03,-115.41,59.0
IDAHO,42.06,-113.22,90.0
IDAHO,43.36,-115.39,56.0
IDAHO,45.47,-115.11,55.0
IDAHO,43.57,-116.21,55.0
IDAHO,43.57,-116.21,64.0
IDAHO,42.06,-113.22,85.0
IDAHO,44.09,-115.1,68.0
IDAHO,44.09,-115.1,67.0
IDAHO,42.42,-114.51,67.0
IDAHO,42.42,-114.51,70.5
IDAHO,44.34,-116.37,70.0
IDAHO,45.0,-113.36,63.0
IDAHO,43.39,-115.39,61.0
IDAHO,42.28,-113.3,60.0
IDAHO,43.38,-114.48,60.0
IDAHO,43.43,-115.36,59.0
IDAHO,44.38,-115.41,55.0
IDAHO,44.37,-115.41,54.0
IDAHO,42.07,-111.55,82.0
IDAHO,42.7,-111.55,69.0
IDAHO,42.7,-111.55,73.0
IDAHO,42.7,-111.55,84.0
IDAHO,44.51,-116.26,56.0
IDAHO,42.39,-111.38,51.0
IDAHO,43.47,-115.26,62.0
IDAHO,44.16,-114.44,76.0
IDAHO,44.43,-114.59,65.0
IDAHO,43.02,-116.22,70.0
IDAHO,44.54,-115.43,60.0
IDAHO,44.43,-115.0,59.0
IDAHO,43.06,-115.26,58.0
IDAHO,42.05,-113.26,78.5
IDAHO,42.05,-113.26,56.0
IDAHO,42.05,-113.26,81.7
IDAHO,42.04,-113.33,60.0
IDAHO,42.05,-113.23,82.0
IDAHO,43.43,-115.37,58.0
IDAHO,44.21,-115.51,85.0
IDAHO,44.02,-115.49,56.5
IDAHO,44.18,-116.45,77.0
IDAHO,43.24,-116.41,56.0
IDAHO,44.45,-115.45,60.0
IDAHO,44.04,-115.33,63.5
IDAHO,44.03,-115.49,60.0
IDAHO,44.05,-115.22,54.0
IDAHO,42.06,-113.22,90.0
IDAHO,44.08,-112.33,59.0
IDAHO,42.41,-114.49,59.0
IDAHO,42.59,-116.04,58.5
IDAHO,42.42,-114.51,72.0
IDAHO,42.42,-114.51,71.5
IDAHO,42.42,-114.51,62.0
IDAHO,44.38,-114.44,63.0
IDAHO,43.44,-115.34,68.0
IDAHO,44.34,-115.41,87.0
IDAHO,44.34,-115.41,87.0
IDAHO,44.34,-115.41,89.0
IDAHO,43.22,-114.55,66.0
IDAHO,43.38,-114.29,51.0
IDAHO,43.38,-114.29,62.0
IDAHO,44.14,-114.4,52.0
IDAHO,44.09,-115.59,75.0
IDAHO,44.09,-115.59,75.0
IDAHO,43.36,-116.09,77.0
IDAHO,42.07,-111.55,77.0
IDAHO,42.07,-111.55,77.0
IDAHO,43.58,-114.29,51.0
IDAHO,42.02,-114.57,65.0
IDAHO,44.4,-116.13,65.0
IDAHO,43.38,-115.07,55.0
IDAHO,43.33,-114.47,81.0
IDAHO,45.2,-116.17,65.0
MONTANA,46.26,-111.58,59.4
MONTANA,46.26,-111.58,59.0
MONTANA,46.26,-111.58,54.4
MONTANA,46.26,-111.58,51.0
MONTANA,46.26,-111.58,54.4
MONTANA,46.26,-111.58,53.0
MONTANA,46.26,-111.58,54.0
MONTANA,46.26,-111.58,54.0
MONTANA,46.26,-111.58,54.4
MONTANA,46.26,-111.58,55.0
MONTANA,46.26,-111.58,56.5
MONTANA,46.26,-111.58,55.0
MONTANA,46.26,-111.58,55.5
MONTANA,46.27,-111.58,52.2
MONTANA,46.27,-111.58,54.0
MONTANA,46.27,-111.58,52.2
MONTANA,47.27,-111.58,52.0
MONTANA,46.11,-112.05,75.0
MONTANA,46.11,-112.05,76.0
MONTANA,46.11,-112.05,67.0
MONTANA,46.11,-112.05,76.0
MONTANA,46.11,-112.05,74.4
MONTANA,46.11,-112.05,76.0
MONTANA,46.11,-112.05,62.0
MONTANA,46.11,-112.05,64.0
MONTANA,46.11,-112.05,59.0
MONTANA,45.39,-111.11,54.6
MONTANA,45.39,-111.11,51.0
MONTANA,45.39,-111.11,54.4
MONTANA,45.39,-111.11,60.0
MONTANA,46.35,-112.06,59.0
MONTANA,46.35,-112.06,62.2
MONTANA,46.35,-112.06,60.0
MONTANA,46.35,-112.06,59.0
MONTANA,46.35,-112.06,66.2
MONTANA,46.35,-112.06,65.0
MONTANA,46.35,-112.06,63.0
MONTANA,46.35,-112.06,65.0
MONTANA,46.35,-112.06,66.4
MONTANA,46.35,-112.06,66.4
MONTANA,46.35,-112.06,67.0
MONTANA,46.35,-112.06,65.5
MONTANA,46.35,-112.06,65.5
MONTANA,45.22,-111.44,83.2
MONTANA,46.43,-114.32,50.6
MONTANA,46.02,-112.48,70.0
MONTANA,46.02,-112.48,68.0
MONTANA,46.02,-112.48,70.0
MONTANA,46.02,-112.48,71.0
MONTANA,46.02,-112.48,73.0
MONTANA,45.45,-110.15,60.0
MONTANA,45.45,-110.15,57.0
MONTANA,45.45,-110.15,60.0
MONTANA,45.45,-110.15,57.0
MONTANA,45.45,-110.15,60.0
MONTANA,45.45,-110.15,53.9
MONTANA,45.45,-110.15,56.5
MONTANA,45.22,-113.24,57.0
MONTANA,45.22,-113.24,58.0
MONTANA,45.22,-113.24,59.0
MONTANA,46.22,-113.24,58.0
MONTANA,45.22,-113.24,60.0
MONTANA,45.22,-113.24,58.3
MONTANA,45.22,-113.24,58.3
MONTANA,45.22,-113.24,58.0
MONTANA,45.05,-110.46,66.0
MONTANA,45.05,-110.46,67.5
MONTANA,45.05,-110.46,65.0
MONTANA,45.05,-110.46,65.0
MONTANA,46.45,-112.22,96.5
MONTANA,45.27,-112.28,52.0
MONTANA,45.27,-112.28,54.0
MONTANA,45.27,-112.28,53.0
MONTANA,45.27,-112.28,53.9
MONTANA,45.34,-111.41,52.5
MONTANA,45.53,-112.13,60.0
MONTANA,45.53,-112.13,60.0
MONTANA,45.53,-112.14,57.0
MONTANA,45.53,-112.13,61.0
MONTANA,45.53,-112.13,61.0
MONTANA,45.53,-112.14,57.0
MONTANA,45.35,-111.53,51.0
MONTANA,45.35,-111.53,51.0
MONTANA,45.35,-111.53,52.0
MONTANA,45.41,-112.17,71.0
MONTANA,45.41,-112.17,69.0
MONTANA,45.41,-112.17,72.7
MONTANA,45.41,-112.17,72.2
MONTANA,45.41,-112.17,67.0
MONTANA,45.41,-112.17,71.5
MONTANA,46.06,-114.0,435.0
MONTANA,45.22,-111.43,72.2
MONTANA,46.26,-111.58,55.6
MONTANA,46.1,-112.47,71.0
MONTANA,46.1,-112.47,78.0
MONTANA,46.1,-112.47,78.0
MONTANA,46.1,-112.47,77.0
MONTANA,46.1,-112.47,78.0
MONTANA,46.12,-112.53,67.0
MONTANA,44.59,-111.36,67.0
MONTANA,44.59,-111.36,68.0
NEVADA,39.24,-116.2,61.1
NEVADA,37.49,-117.2,54.4
NEVADA,37.49,-117.2,60.0
NEVADA,37.49,-117.2,50.5
NEVADA,37.49,-117.2,60.0
NEVADA,39.12,-118.46,93.0
NEVADA,37.37,-114.3,67.0
NEVADA,41.06,-117.34,68.3
NEVADA,41.06,-117.34,70.0
NEVADA,41.55,-118.42,93.5
NEVADA,41.55,-118.42,80.0
NEVADA,41.55,-118.42,71.1
NEVADA,39.24,-116.2,54.0
NEVADA,39.24,-116.2,54.0
NEVADA,40.33,-116.35,97.2
NEVADA,40.33,-116.35,96.1
NEVADA,40.33,-116.35,89.4
NEVADA,40.33,-116.35,96.0
NEVADA,40.33,-116.35,97.7
NEVADA,40.33,-116.35,88.0
NEVADA,40.35,-116.35,87.6
NEVADA,40.33,-116.35,212.2
NEVADA,40.33,-116.35,78.0
NEVADA,40.33,-116.35,96.6
NEVADA,40.34,-116.34,98.0
NEVADA,40.33,-116.35,96.6
NEVADA,40.33,-116.35,84.0
NEVADA,40.58,-119.0,57.8
NEVADA,40.58,-119.0,50.5
NEVADA,40.57,-118.58,90.0
NEVADA,41.55,-118.48,55.0
NEVADA,41.55,-118.48,54.0
NEVADA,41.55,-118.48,55.6
NEVADA,39.17,-119.5,53.3
NEVADA,39.47,-119.01,98.0
NEVADA,39.47,-119.01,94.0
NEVADA,39.47,-119.0,84.1
NEVADA,39.47,-119.0,212.2
NEVADA,39.47,-119.0,165.6
NEVADA,39.47,-119.0,188.3
NEVADA,39.47,-119.0,179.4
NEVADA,39.47,-119.0,167.8
NEVADA,40.03,-116.04,65.5
NEVADA,40.13,-116.04,67.0
NEVADA,40.03,-116.04,57.2
NEVADA,40.25,-117.24,67.8
NEVADA,40.25,-117.24,72.0
NEVADA,40.22,-117.19,72.2
NEVADA,40.25,-117.24,72.0
NEVADA,40.25,-117.24,65.0
NEVADA,40.22,-117.19,79.0
NEVADA,40.22,-117.19,65.5
NEVADA,40.22,-117.19,65.0
NEVADA,40.22,-117.19,72.0
NEVADA,40.22,-117.19,67.8
NEVADA,40.46,-119.07,86.0
NEVADA,37.37,-114.3,57.2
NEVADA,37.37,-114.3,62.8
NEVADA,39.21,-118.39,70.0
NEVADA,41.0,-119.0,81.8
NEVADA,41.0,-119.0,68.5
NEVADA,39.52,-114.53,65.0
NEVADA,39.52,-114.5,57.2
NEVADA,38.28,-115.47,60.0
NEVADA,38.28,-115.47,71.1
NEVADA,38.28,-115.47,66.1
NEVADA,38.28,-115.47,60.0
NEVADA,40.14,-118.23,65.6
NEVADA,40.15,-119.21,68.3
NEVADA,40.14,-119.23,60.0
NEVADA,40.14,-119.23,61.0
NEVADA,39.17,-119.38,76.7
NEVADA,41.55,-117.48,51.7
NEVADA,41.54,-117.48,56.0
NEVADA,41.55,-117.48,60.0
NEVADA,41.55,-117.48,59.0
NEVADA,41.55,-117.45,53.0
NEVADA,40.24,-116.3,58.9
NEVADA,39.25,-119.44,53.0
NEVADA,38.49,-117.1,82.0
NEVADA,38.49,-117.1,87.7
NEVADA,38.49,-117.1,100.0
NEVADA,38.49,-117.1,95.0
NEVADA,38.49,-117.1,92.2
NEVADA,38.49,-117.1,97.2
NEVADA,38.49,-117.1,94.0
NEVADA,38.49,-117.1,71.2
NEVADA,38.49,-117.1,95.5
NEVADA,38.49,-117.1,68.0
NEVADA,38.49,-117.1,90.5
NEVADA,39.45,-118.57,198.9
NEVADA,39.45,-118.57,207.8
NEVADA,41.15,-115.18,52.0
NEVADA,39.01,-117.1,56.7
NEVADA,39.01,-116.4,59.0
NEVADA,39.01,-116.39,60.5
NEVADA,39.47,-118.04,72.0
NEVADA,40.57,-118.59,90.0
NEVADA,40.56,-119.0,95.0
NEVADA,41.03,-119.01,80.0
NEVADA,41.03,-119.01,81.1
NEVADA,41.0,-119.0,73.5
NEVADA,41.03,-119.01,78.0
NEVADA,41.34,-118.33,70.0
NEVADA,41.34,-118.33,68.3
NEVADA,41.34,-118.33,66.0
NEVADA,41.21,-118.47,94.0
NEVADA,41.21,-118.47,93.0
NEVADA,39.2,-118.34,81.1
NEVADA,40.48,-115.46,65.6
NEVADA,40.49,-115.46,52.0
NEVADA,40.46,-115.48,88.0
NEVADA,40.46,-115.48,88.5
NEVADA,41.28,-116.09,93.0
NEVADA,39.31,-118.33,96.0
NEVADA,41.55,-118.42,90.0
NEVADA,40.51,-119.2,80.0
NEVADA,38.52,-117.55,68.3
NEVADA,38.52,-117.55,60.0
NEVADA,38.51,-117.55,51.7
NEVADA,38.52,-117.55,62.8
NEVADA,38.52,-117.55,57.2
NEVADA,38.58,-117.56,53.9
NEVADA,38.57,-117.56,54.0
NEVADA,40.39,-119.21,97.8
NEVADA,40.39,-119.22,65.0
NEVADA,40.39,-119.22,73.9
NEVADA,40.39,-119.21,55.6
NEVADA,40.39,-119.21,63.9
NEVADA,40.39,-119.21,86.0
NEVADA,40.39,-119.21,75.0
NEVADA,39.29,-119.48,85.0
NEVADA,40.39,-119.21,93.3
NEVADA,40.39,-119.22,84.4
NEVADA,40.39,-119.22,67.2
NEVADA,40.39,-119.21,62.8
NEVADA,40.39,-119.21,90.0
NEVADA,40.39,-119.21,84.0
NEVADA,40.39,-119.21,77.8
NEVADA,40.39,-119.21,95.0
NEVADA,40.39,-119.21,61.1
NEVADA,40.4,-119.21,97.2
NEVADA,40.39,-119.21,65.0
NEVADA,40.39,-119.21,83.9
NEVADA,40.39,-119.21,95.6
NEVADA,40.39,-119.21,62.8
NEVADA,40.39,-119.21,57.8
NEVADA,40.57,-117.29,65.0
NEVADA,40.57,-117.29,81.5
NEVADA,40.57,-117.29,64.5
NEVADA,40.57,-117.29,63.5
NEVADA,40.57,-117.29,65.5
NEVADA,40.56,-117.25,61.7
NEVADA,40.38,-119.21,91.0
NEVADA,40.38,-119.21,91.0
NEVADA,39.23,-119.44,97.5
NEVADA,41.34,-115.1,64.4
NEVADA,38.33,-118.4,51.1
NEVADA,39.36,-119.06,132.2
NEVADA,39.35,-119.06,86.1
NEVADA,40.11,-117.06,51.1
NEVADA,38.53,-119.24,62.2
NEVADA,40.36,-116.28,55.6
NEVADA,40.36,-116.27,58.0
NEVADA,38.31,-116.21,71.1
NEVADA,38.31,-116.21,62.8
NEVADA,38.31,-116.21,88.0
NEVADA,38.26,-116.16,61.1
NEVADA,40.49,-115.46,56.0
NEVADA,40.55,-117.06,58.0
NEVADA,41.1,-114.59,53.1
NEVADA,39.01,-116.4,51.0
NEVADA,39.24,-116.2,70.0
NEVADA,40.41,-116.07,60.0
NEVADA,40.24,-116.31,54.0
NEVADA,40.24,-116.31,58.9
NEVADA,40.24,-116.31,151.4
NEVADA,43.24,-116.31,60.0
NEVADA,40.24,-116.3,57.7
NEVADA,40.24,-116.3,51.1
NEVADA,40.24,-116.3,51.1
NEVADA,40.11,-117.06,54.0
NEVADA,41.28,-116.08,90.0
NEVADA,38.31,-116.21,82.0
NEVADA,41.43,-118.3,57.8
NEVADA,41.43,-118.3,56.0
NEVADA,40.32,-119.16,162.8
NEVADA,40.0,-117.43,78.0
NEVADA,40.0,-117.43,79.4
NEVADA,40.0,-117.43,51.7
NEVADA,40.1,-117.29,57.2
NEVADA,39.24,-116.2,68.9
NEVADA,39.24,-116.2,67.2
NEVADA,39.24,-116.2,68.9
NEVADA,40.24,-117.53,71.1
NEVADA,40.24,-117.53,70.6
NEVADA,40.24,-117.53,95.6
NEVADA,40.24,-117.52,77.0
NEVADA,39.3,-119.54,62.0
NEVADA,39.3,-119.54,60.0
NEVADA,40.36,-117.39,93.9
NEVADA,40.36,-117.39,97.2
NEVADA,40.36,-117.39,95.0
NEVADA,40.36,-117.39,95.6
NEVADA,40.36,-117.38,93.9
NEVADA,40.36,-117.38,75.0
NEVADA,40.36,-117.38,95.0
NEVADA,40.36,-117.3,78.9
NEVADA,40.36,-117.38,92.0
NEVADA,40.36,-117.39,94.4
NEVADA,40.36,-117.4,97.2
NEVADA,40.36,-117.39,95.6
NEVADA,40.36,-117.38,77.5
NEVADA,40.36,-117.39,75.0
NEVADA,40.36,-117.38,65.5
NEVADA,40.36,-117.38,97.0
NEVADA,39.12,-118.43,77.7
NEVADA,39.12,-118.43,88.0
NEVADA,39.12,-118.43,91.1
NEVADA,38.49,-117.1,101.0
NEVADA,40.24,-116.31,74.5
NEVADA,39.01,-117.08,82.0
NEVADA,39.01,-117.08,62.7
NEVADA,39.01,-117.08,87.9
NEVADA,39.4,-114.48,79.0
NEVADA,39.4,-114.48,83.0
NEVADA,39.4,-114.48,79.0
NEVADA,41.47,-114.43,60.0
NEVADA,39.28,-119.48,63.3
NEVADA,39.29,-119.48,85.0
NEVADA,39.29,-119.48,77.8
NEVADA,39.28,-119.48,82.2
NEVADA,39.28,-119.48,65.0
NEVADA,39.29,-119.48,80.0
NEVADA,39.29,-119.48,85.0
NEVADA,39.29,-119.48,85.0
NEVADA,39.28,-119.48,85.0
NEVADA,39.29,-119.48,85.0
NEVADA,39.29,-119.48,97.8
NEVADA,39.29,-119.48,77.2
NEVADA,39.28,-119.48,85.0
NEVADA,39.29,-119.48,85.0
NEVADA,39.29,-119.48,82.2
NEVADA,39.29,-119.48,82.2
NEVADA,39.29,-119.49,75.0
NEVADA,39.29,-119.48,85.0
NEVADA,39.28,-119.48,91.1
NEVADA,39.29,-119.48,95.6
NEVADA,39.29,-119.48,76.7
NEVADA,39.28,-119.48,60.0
NEVADA,39.29,-119.48,51.1
NEVADA,39.29,-119.48,88.3
NEVADA,39.28,-119.48,80.0
NEVADA,39.29,-119.48,58.9
NEVADA,39.29,-119.48,90.0
NEVADA,39.29,-119.48,92.2
NEVADA,39.29,-119.48,60.0
NEVADA,39.29,-119.48,90.0
NEVADA,39.29,-119.48,75.6
NEVADA,39.0,-119.0,82.2
NEVADA,39.29,-119.48,86.1
NEVADA,39.29,-119.48,85.0
NEVADA,39.29,-119.48,85.0
NEVADA,39.28,-119.49,92.8
NEVADA,39.29,-119.49,85.0
NEVADA,39.29,-119.48,82.2
NEVADA,39.29,-119.48,84.4
NEVADA,39.29,-119.48,93.3
NEVADA,39.29,-119.48,90.8
NEVADA,39.29,-119.48,85.0
NEVADA,39.4,-119.45,79.0
NEVADA,39.4,-114.49,89.4
NEVADA,39.4,-114.48,78.9
NEVADA,38.11,-116.22,60.5
NEVADA,38.11,-116.22,62.8
NEVADA,38.11,-116.22,60.0
NEVADA,38.53,-119.24,61.0
NEVADA,37.51,-117.58,158.8
NEVADA,41.54,-118.47,90.0
NEVADA,41.06,-114.22,76.7
NEVADA,40.08,-119.4,56.0
NEVADA,41.52,-114.37,77.0
NEVADA,40.23,-119.24,79.0
NEVADA,40.23,-119.24,95.0
NEVADA,40.23,-119.24,89.0
NEVADA,41.51,-114.41,64.4
NEVADA,41.52,-114.41,52.2
NEVADA,39.33,-118.51,100.0
NEVADA,38.26,-115.47,60.0
NEVADA,38.26,-115.47,60.0
NEVADA,38.29,-115.38,109.5
NEVADA,39.56,-114.46,151.1
NEVADA,40.33,-116.35,76.5
NEVADA,39.34,-118.51,98.9
NEVADA,41.21,-119.13,54.0
NEVADA,41.21,-119.13,54.0
NEVADA,40.05,-117.28,70.0
NEVADA,40.05,-117.28,85.0
NEVADA,40.05,-117.43,77.5
NEVADA,40.05,-117.43,73.0
NEVADA,39.19,-116.51,72.5
NEVADA,39.19,-116.51,58.0
NEVADA,39.19,-116.51,73.0
NEVADA,39.19,-116.51,61.0
NEVADA,39.19,-116.51,60.2
NEVADA,39.19,-116.51,72.0
NEVADA,39.19,-116.51,54.7
NEVADA,39.18,-119.38,77.0
NEVADA,40.18,-116.25,85.5
NEVADA,39.23,-119.44,56.0
NEVADA,39.26,-119.44,54.4
NEVADA,39.23,-119.44,94.0
NEVADA,39.23,-119.45,102.2
NEVADA,39.22,-119.44,75.6
NEVADA,39.23,-119.45,95.0
NEVADA,39.24,-119.44,132.8
NEVADA,39.23,-119.44,93.9
NEVADA,39.23,-119.44,57.8
NEVADA,39.23,-119.45,178.9
NEVADA,39.23,-119.46,70.0
NEVADA,39.23,-119.44,137.8
NEVADA,39.23,-119.44,169.4
NEVADA,39.22,-119.45,57.8
NEVADA,39.23,-119.44,168.9
NEVADA,39.23,-119.45,102.8
NEVADA,39.22,-119.43,70.0
NEVADA,39.22,-119.45,161.1
NEVADA,39.24,-119.44,89.4
NEVADA,39.22,-119.44,75.0
NEVADA,39.21,-119.44,155.0
NEVADA,39.23,-119.46,175.0
NEVADA,39.24,-119.44,75.0
NEVADA,39.23,-119.44,171.1
NEVADA,39.21,-119.44,95.0
NEVADA,39.22,-119.43,66.1
NEVADA,39.21,-119.44,114.4
NEVADA,39.23,-119.45,153.9
NEVADA,39.23,-119.44,145.0
NEVADA,39.23,-119.44,57.8
NEVADA,39.23,-119.44,138.0
NEVADA,39.23,-119.44,127.8
NEVADA,39.23,-119.44,140.0
NEVADA,39.23,-119.46,162.8
NEVADA,39.24,-119.44,132.8
NEVADA,39.23,-119.44,53.9
NEVADA,39.23,-119.44,90.0
NEVADA,39.24,-119.44,92.8
NEVADA,39.23,-119.44,145.6
NEVADA,39.23,-119.44,95.6
NEVADA,39.23,-119.44,95.5
NEVADA,39.23,-119.44,161.0
NEVADA,39.23,-119.44,93.3
NEVADA,39.23,-119.44,57.0
NEVADA,39.23,-119.44,54.0
NEVADA,39.23,-119.44,60.0
NEVADA,39.23,-119.44,73.0
NEVADA,39.23,-119.44,94.5
NEVADA,39.23,-119.44,96.5
NEVADA,39.23,-119.44,94.3
NEVADA,39.23,-119.44,97.0
NEVADA,39.23,-119.44,87.0
NEVADA,39.23,-119.44,161.0
NEVADA,39.23,-119.44,89.2
NEVADA,39.23,-119.44,71.0
NEVADA,39.23,-119.44,91.4
NEVADA,39.23,-119.44,95.3
NEVADA,39.23,-119.44,94.0
NEVADA,39.23,-119.44,83.0
NEVADA,39.23,-119.44,94.5
NEVADA,39.23,-119.44,97.0
NEVADA,39.23,-119.44,89.0
NEVADA,39.23,-119.44,81.5
NEVADA,39.23,-119.44,94.0
NEVADA,39.23,-119.44,93.1
NEVADA,39.23,-119.44,85.6
NEVADA,39.23,-119.44,94.0
NEVADA,39.23,-119.44,91.5
NEVADA,39.23,-119.44,93.8
NEVADA,39.23,-119.44,69.5
NEVADA,39.23,-119.44,60.0
NEVADA,39.23,-119.44,96.2
NEVADA,39.23,-119.44,52.0
NEVADA,39.23,-119.44,77.2
NEVADA,39.23,-119.45,186.0
NEVADA,39.23,-119.44,76.5
NEVADA,39.23,-119.44,95.0
NEVADA,39.23,-119.44,71.0
NEVADA,39.23,-119.44,75.8
NEVADA,39.23,-119.44,66.0
NEVADA,39.23,-119.44,51.7
NEVADA,39.23,-119.45,89.2
NEVADA,39.23,-119.44,81.0
NEVADA,39.23,-119.44,96.1
NEVADA,39.23,-119.44,95.0
NEVADA,39.23,-119.44,74.5
NEVADA,39.23,-119.44,83.7
NEVADA,39.23,-119.44,93.1
NEVADA,39.23,-119.44,95.1
NEVADA,39.23,-119.44,94.0
NEVADA,39.23,-119.44,85.0
NEVADA,39.23,-119.44,94.5
NEVADA,39.31,-118.32,87.8
NEVADA,39.32,-118.33,136.1
NEVADA,40.51,-115.45,96.0
NEVADA,40.35,-115.17,72.2
NEVADA,40.35,-115.17,93.0
NEVADA,41.25,-117.23,58.0
NEVADA,41.25,-117.23,57.2
NEVADA,41.25,-117.23,57.2
NEVADA,41.25,-117.23,54.4
NEVADA,40.09,-119.4,67.2
NEVADA,40.09,-119.4,66.1
NEVADA,40.08,-119.41,88.3
NEVADA,40.08,-119.4,65.6
NEVADA,40.08,-119.41,60.6
NEVADA,40.08,-119.41,82.2
NEVADA,40.08,-119.41,97.8
NEVADA,40.45,-119.1,51.7
NEVADA,40.46,-119.06,83.0
NEVADA,38.53,-119.24,65.6
NEVADA,41.06,-117.34,70.0
NEVADA,40.39,-119.22,89.5
NEVADA,41.09,-114.59,60.0
NEVADA,41.1,-114.59,61.0
NEVADA,41.1,-114.59,55.0
NEVADA,39.36,-119.07,86.0
NEVADA,40.46,-119.07,84.5
NEVADA,39.21,-117.33,86.0
NEVADA,41.47,-114.43,56.1
NEVADA,40.45,-117.29,85.0
NEVADA,40.57,-117.29,74.0
NEVADA,41.38,-115.46,54.0
NEVADA,40.11,-117.06,53.0
NEVADA,40.22,-117.19,54.0
NEVADA,40.15,-115.24,65.0
NEVADA,40.15,-119.22,86.1
NEVADA,40.45,-116.02,64.0
NEVADA,41.07,-119.06,60.0
NEVADA,40.57,-119.0,90.0
NEVADA,39.18,-117.32,92.0
NEVADA,41.43,-118.31,72.8
NEVADA,41.0,-119.0,68.5
NEVADA,40.41,-116.08,79.0
NEVADA,39.2,-116.52,73.3
NEVADA,40.11,-117.06,51.1
NEVADA,38.31,-116.22,76.1
NEVADA,40.4,-116.35,132.0
NEVADA,40.33,-116.35,132.0
NEVADA,40.33,-116.35,134.0
NEVADA,40.33,-116.35,133.0
NEVADA,39.09,-119.11,97.0
NEVADA,39.09,-119.1,97.0
NEVADA,39.09,-119.1,87.0
NEVADA,39.09,-119.1,97.2
NEVADA,39.09,-119.11,108.3
NEVADA,39.09,-119.09,72.2
NEVADA,39.09,-119.11,97.2
NEVADA,38.58,-119.49,58.0
NEVADA,38.58,-119.49,64.4
NEVADA,38.58,-119.49,63.0
NEVADA,38.58,-119.49,65.5
NEVADA,38.58,-119.49,61.0
NEVADA,38.58,-119.49,63.0
NEVADA,37.37,-114.3,67.0
NEVADA,38.58,-119.49,83.0
NEVADA,39.54,-116.35,72.0
NEVADA,39.44,-116.35,71.0
NEVADA,39.54,-116.35,72.7
NEVADA,39.54,-116.35,71.1
NEVADA,40.51,-119.19,104.4
NEVADA,40.51,-119.2,83.9
NEVADA,40.51,-119.2,97.2
NEVADA,40.51,-119.2,91.1
NEVADA,40.51,-119.19,82.2
NEVADA,40.51,-119.2,93.9
NEVADA,40.51,-119.2,97.2
NEVADA,40.51,-119.2,96.1
NEVADA,41.37,-116.17,51.0
NEVADA,38.11,-116.22,63.0
NEVADA,40.11,-117.06,52.0
NEVADA,38.11,-116.22,61.0
NEVADA,38.54,-118.56,62.2
NEVADA,38.54,-118.56,62.2
NEVADA,41.21,-118.47,92.0
NEVADA,41.21,-118.47,93.3
NEVADA,39.08,-119.42,54.0
NEVADA,41.33,-115.46,57.8
NEVADA,38.57,-115.13,53.3
NEVADA,38.57,-115.13,51.8
NEVADA,39.09,-119.41,60.0
NEVADA,41.24,-114.4,58.9
NEW MEXICO,32.33,-107.59,55.0
NEW MEXICO,33.11,-108.12,64.0
NEW MEXICO,33.11,-108.12,68.0
NEW MEXICO,33.14,-108.14,66.0
NEW MEXICO,33.14,-108.14,64.8
NEW MEXICO,35.35,-106.45,51.0
NEW MEXICO,35.46,-106.41,55.0
NEW MEXICO,35.47,-106.41,66.0
NEW MEXICO,35.46,-106.41,60.5
NEW MEXICO,35.46,-110.58,68.0
NEW MEXICO,35.38,-106.53,53.0
NEW MEXICO,35.53,-106.4,197.0
NEW MEXICO,32.08,-108.5,99.0
NEW MEXICO,33.11,-108.1,52.0
NEW MEXICO,32.44,-107.5,62.0
NEW MEXICO,35.39,-105.17,55.0
NEW MEXICO,32.3,-106.55,52.0
NEW MEXICO,35.46,-106.41,75.0
NEW MEXICO,35.54,-106.36,65.0
NEW MEXICO,35.46,-106.41,72.0
NEW MEXICO,35.46,-106.41,70.0
NEW MEXICO,33.06,-108.28,74.6
NEW MEXICO,34.43,-106.43,80.0
NEW MEXICO,32.04,-106.09,61.1
NEW MEXICO,35.38,-106.53,54.0
NEW MEXICO,35.29,-108.33,61.0
NEW MEXICO,32.4,-108.02,62.0
OREGON,42.1,-119.52,71.0
OREGON,42.32,-118.31,78.5
OREGON,42.32,-118.31,76.0
OREGON,42.32,-118.31,82.2
OREGON,42.32,-118.31,78.5
OREGON,45.01,-122.0,86.0
OREGON,44.56,-122.1,57.2
OREGON,44.56,-122.1,58.0
OREGON,42.09,-120.2,85.0
OREGON,42.09,-120.2,88.0
OREGON,42.09,-120.2,92.5
OREGON,45.13,-117.57,81.5
OREGON,43.11,-119.06,51.1
OREGON,44.11,-122.02,86.7
OREGON,44.11,-122.02,71.0
OREGON,43.56,-118.08,60.0
OREGON,44.14,-122.03,61.0
OREGON,44.21,-118.34,58.0
OREGON,44.46,-121.58,110.0
OREGON,44.46,-121.58,92.0
OREGON,44.46,-121.58,98.0
OREGON,44.46,-121.58,74.0
OREGON,45.14,-117.57,67.0
OREGON,43.26,-118.38,78.0
OREGON,43.26,-118.38,80.0
OREGON,43.26,-118.38,76.0
OREGON,42.13,-119.52,78.0
OREGON,42.13,-119.52,99.0
OREGON,42.13,-119.52,88.0
OREGON,43.23,-119.04,60.0
OREGON,42.14,-120.21,94.0
OREGON,43.43,-121.12,62.0
OREGON,42.14,-120.21,77.5
OREGON,42.17,-119.46,68.0
OREGON,44.09,-122.05,80.6
OREGON,42.04,-119.54,71.0
OREGON,42.13,-120.2,71.0
OREGON,43.1,-119.03,67.0
OREGON,45.14,-117.57,80.0
OREGON,45.14,-117.57,81.0
OREGON,45.14,-117.57,81.0
OREGON,42.04,-119.51,71.0
OREGON,42.12,-120.22,87.0
OREGON,42.08,-120.21,95.0
OREGON,42.13,-120.22,98.0
OREGON,42.13,-120.22,86.0
OREGON,42.13,-120.22,96.0
OREGON,42.13,-120.22,88.0
OREGON,42.13,-120.22,94.0
OREGON,42.13,-120.22,95.0
OREGON,42.13,-121.46,73.0
OREGON,42.02,-121.44,93.0
OREGON,44.51,-121.12,52.0
OREGON,42.13,-121.01,51.7
OREGON,45.09,-118.39,61.0
OREGON,42.09,-120.2,70.0
OREGON,42.09,-120.2,69.4
OREGON,42.13,-121.01,71.0
OREGON,43.28,-118.12,63.0
OREGON,42.02,-117.01,75.0
OREGON,42.11,-121.43,61.0
OREGON,43.42,-122.17,62.0
OREGON,43.42,-122.17,71.0
OREGON,43.42,-122.17,73.0
OREGON,45.01,-117.37,60.0
OREGON,45.01,-117.37,60.0
OREGON,45.01,-117.38,61.5
OREGON,42.13,-121.46,81.0
OREGON,42.13,-121.46,81.0
OREGON,42.4,-118.2,86.0
OREGON,42.4,-118.2,86.0
OREGON,42.4,-118.2,85.0
OREGON,42.4,-118.2,73.0
OREGON,42.13,-121.45,89.0
OREGON,43.45,-117.09,62.0
OREGON,45.22,-121.41,89.4
OREGON,45.22,-121.41,89.4
OREGON,45.22,-121.41,86.1
OREGON,45.22,-121.41,89.4
OREGON,45.22,-121.41,89.4
OREGON,45.22,-121.41,71.1
OREGON,45.22,-121.41,91.1
OREGON,44.01,-117.27,87.0
OREGON,42.03,-121.44,90.0
OREGON,43.37,-118.51,72.0
OREGON,43.37,-118.51,72.0
OREGON,42.13,-121.46,89.0
OREGON,42.14,-121.46,79.0
OREGON,42.14,-121.46,88.0
OREGON,42.1,-121.36,87.0
OREGON,42.1,-121.36,73.9
OREGON,42.1,-121.36,74.0
OREGON,44.55,-117.56,57.2
OREGON,44.55,-117.56,58.0
OREGON,42.1,-120.22,80.0
OREGON,42.06,-120.17,77.0
OREGON,42.1,-121.37,65.0
OREGON,43.53,-117.29,82.0
OREGON,42.2,-118.36,96.0
OREGON,42.19,-118.36,84.0
OREGON,42.04,-117.45,53.5
OREGON,42.19,-118.36,90.5
OREGON,42.2,-118.36,91.0
OREGON,43.53,-117.3,70.0
OREGON,42.19,-118.36,86.0
OREGON,42.2,-118.36,97.0
OREGON,42.19,-118.36,79.4
OREGON,42.2,-118.36,73.9
OREGON,43.1,-119.03,59.0
OREGON,43.1,-119.03,68.0
OREGON,42.04,-117.45,52.0
OREGON,42.11,-118.23,52.0
OREGON,42.2,-118.36,97.0
OREGON,42.2,-118.36,87.0
OREGON,42.09,-120.2,63.0
OREGON,43.58,-117.13,73.0
OREGON,43.58,-117.13,90.0
OREGON,43.39,-118.15,62.0
TEXAS,28.5,-98.9,65.6
TEXAS,31.13,-99.51,54.4
TEXAS,28.48,-98.1,68.3
TEXAS,28.27,-98.29,62.2
TEXAS,28.28,-98.33,62.2
TEXAS,30.37,-97.11,52.2
TEXAS,29.8,-97.48,51.1
TEXAS,28.48,-98.11,54.4
TEXAS,30.2,-104.42,82.2
TEXAS,30.22,-104.43,82.2
TEXAS,30.2,-104.41,72.0
TEXAS,30.22,-104.43,69.0
TEXAS,31.18,-96.53,51.7
TEXAS,28.44,-98.14,61.7
TEXAS,28.44,-98.12,63.9
TEXAS,30.3,-104.33,51.1
TEXAS,31.25,-96.54,64.4
TEXAS,32.2,-96.57,57.2
TEXAS,31.5,-96.47,56.7
TEXAS,31.29,-96.58,51.7
TEXAS,31.28,-96.55,62.5
TEXAS,31.27,-96.53,61.0
TEXAS,31.39,-96.58,53.5
TEXAS,30.19,-96.41,55.6
TEXAS,28.45,-98.18,58.9
TEXAS,28.47,-98.1,60.0
TEXAS,31.34,-96.57,55.0
TEXAS,31.12,-97.2,57.3
TEXAS,31.4,-97.0,67.0
TEXAS,31.27,-96.59,55.0
TEXAS,30.52,-97.7,54.0
TEXAS,31.18,-96.53,68.9
TEXAS,32.54,-96.38,51.1
TEXAS,28.4,-98.11,65.6
TEXAS,28.27,-98.33,51.7
TEXAS,28.57,-97.56,72.2
TEXAS,28.2,-98.58,54.4
TEXAS,28.8,-98.55,62.2
TEXAS,28.9,-99.3,54.4
TEXAS,28.48,-98.0,80.6
TEXAS,28.58,-98.1,64.4
TEXAS,28.54,-98.5,60.0
TEXAS,31.59,-106.5,58.0
TEXAS,32.4,-96.3,51.7
TEXAS,32.4,-96.3,58.9
TEXAS,29.16,-98.38,55.6
TEXAS,28.13,-98.56,57.8
TEXAS,28.17,-98.44,60.0
TEXAS,29.15,-97.35,54.4
TEXAS,28.22,-98.54,53.3
TEXAS,28.34,-98.32,51.7
TEXAS,31.59,-106.05,58.0
TEXAS,28.13,-98.48,54.4
TEXAS,28.53,-98.2,58.9
TEXAS,28.49,-97.5,53.3
TEXAS,28.59,-98.1,58.9
TEXAS,28.24,-98.31,65.0
TEXAS,31.24,-96.53,62.0
TEXAS,28.36,-98.35,51.1
TEXAS,31.34,-96.57,54.4
TEXAS,32.42,-96.36,57.2
TEXAS,30.16,-94.37,51.7
TEXAS,30.59,-97.9,52.8
TEXAS,31.13,-99.5,54.4
TEXAS,30.31,-104.3,60.0
UTAH,39.36,-112.43,82.2
UTAH,39.36,-112.43,82.2
UTAH,39.36,-112.43,82.2
UTAH,40.48,-111.55,55.5
UTAH,40.48,-111.55,54.4
UTAH,40.48,-111.55,55.0
UTAH,41.46,-111.5,54.9
UTAH,39.57,-112.02,54.4
UTAH,41.34,-112.1,74.0
UTAH,37.39,-113.33,95.5
UTAH,40.21,-109.24,53.0
UTAH,41.39,-112.5,51.1
UTAH,41.44,-112.05,53.5
UTAH,41.44,-112.05,55.5
UTAH,40.29,-111.54,58.3
UTAH,41.41,-112.04,107.0
UTAH,40.38,-113.57,88.0
UTAH,37.5,-113.41,145.0
UTAH,39.18,-112.28,75.0
UTAH,39.36,-111.22,55.0
UTAH,39.57,-111.51,61.0
UTAH,40.21,-109.24,56.0
UTAH,41.08,-112.1,60.0
UTAH,41.08,-112.1,54.4
UTAH,41.08,-112.1,60.0
UTAH,38.36,-112.12,54.4
UTAH,38.36,-112.12,63.8
UTAH,38.36,-112.12,62.8
UTAH,38.36,-112.12,64.4
UTAH,38.36,-112.12,63.0
UTAH,38.3,-112.51,56.0
UTAH,38.3,-112.51,85.0
UTAH,38.28,-112.54,99.0
UTAH,38.37,-112.06,70.0
UTAH,38.37,-112.6,76.1
UTAH,38.38,-112.1,76.0
UTAH,38.37,-112.06,61.0
UTAH,41.14,-111.55,57.2
UTAH,41.14,-111.55,58.3
UTAH,38.38,-112.05,76.1
UTAH,38.38,-112.05,76.5
UTAH,38.38,-112.05,76.7
UTAH,38.3,-112.5,55.0
UTAH,40.5,-109.36,57.5
UTAH,38.28,-112.52,133.0
UTAH,41.34,-112.14,51.1
UTAH,41.34,-112.14,51.1
UTAH,38.11,-113.11,85.0
UTAH,38.11,-113.12,89.5
UTAH,38.1,-113.12,60.0
UTAH,38.1,-113.12,60.0
UTAH,38.1,-113.12,78.0
UTAH,38.1,-113.12,82.5
UTAH,38.1,-113.12,76.5
UTAH,38.11,-113.11,76.6
UTAH,38.1,-113.12,75.0
UTAH,41.51,-112.9,51.0
UTAH,38.5,-112.29,67.0
UTAH,41.2,-112.01,58.3
UTAH,41.2,-112.01,57.2
UTAH,39.54,-113.25,60.5
WASHINGTON,48.47,-121.48,90.0
WASHINGTON,48.1,-121.02,60.0
WASHINGTON,46.51,-121.45,62.0
WASHINGTON,46.44,-121.33,50.1
WASHINGTON,48.48,-121.48,110.0
WASHINGTON,47.58,-123.51,51.0
WYOMING,42.32,-106.43,59.0
WYOMING,42.32,-106.43,54.0
WYOMING,42.5,-110.59,62.0
WYOMING,42.5,-110.59,62.0
WYOMING,42.5,-110.59,62.0
WYOMING,43.39,-108.11,53.0
WYOMING,43.39,-108.11,56.0
WYOMING,43.39,-108.11,56.0
WYOMING,43.39,-108.11,56.0
WYOMING,43.39,-108.11,56.0
WYOMING,43.39,-108.11,56.0
WYOMING,43.39,-108.11,56.0
WYOMING,44.27,-110.51,88.0
WYOMING,43.39,-108.11,55.0
WYOMING,44.28,-110.51,65.0
WYOMING,44.28,-110.51,84.0
WYOMING,44.06,-110.41,71.0
WYOMING,44.06,-110.41,61.0
WYOMING,44.06,-110.41,61.0
WYOMING,43.57,-110.41,72.0
WYOMING,44.33,-110.51,93.5
WYOMING,44.34,-110.48,75.0
WYOMING,44.32,-110.47,85.0
WYOMING,44.32,-110.47,93.0
WYOMING,44.32,-110.47,92.0
WYOMING,44.32,-110.46,91.0
WYOMING,44.32,-110.46,91.0
WYOMING,44.32,-110.46,90.5
WYOMING,44.31,-110.47,84.0
WYOMING,44.33,-110.51,94.0
WYOMING,44.34,-110.51,92.0
WYOMING,44.33,-110.52,69.5
WYOMING,44.33,-110.52,86.0
WYOMING,44.33,-110.52,89.5
WYOMING,44.33,-110.51,93.0
WYOMING,44.33,-110.5,63.0
WYOMING,44.34,-110.48,75.0
WYOMING,44.33,-110.5,64.0
WYOMING,44.33,-110.49,94.5
WYOMING,44.32,-110.53,61.0
WYOMING,44.31,-110.52,87.0
WYOMING,44.31,-110.52,89.0
WYOMING,44.32,-110.47,75.0
WYOMING,44.31,-110.47,88.5
WYOMING,44.58,-110.42,75.0
WYOMING,44.58,-110.42,66.4
WYOMING,44.58,-110.42,73.0
WYOMING,44.58,-110.42,71.0
WYOMING,44.58,-110.42,74.0
WYOMING,44.58,-110.42,71.0
WYOMING,44.58,-110.42,70.5
WYOMING,43.4,-108.12,54.0
WYOMING,43.39,-108.11,54.0
WYOMING,44.31,-110.5,63.3
WYOMING,44.32,-110.51,74.0
WYOMING,44.32,-110.5,93.0
WYOMING,44.3,-110.49,92.6
WYOMING,44.31,-110.5,92.5
WYOMING,44.31,-110.5,91.0
WYOMING,44.3,-110.49,94.0
WYOMING,44.32,-110.5,94.5
WYOMING,44.31,-110.5,94.0
WYOMING,44.32,-110.51,82.0
WYOMING,44.32,-110.51,93.0
WYOMING,44.32,-110.51,92.0
WYOMING,44.3,-110.48,90.0
WYOMING,44.3,-110.48,82.0
WYOMING,44.3,-110.48,84.0
WYOMING,44.43,-110.42,89.0
WYOMING,44.43,-110.42,80.0
WYOMING,44.43,-110.42,90.0
WYOMING,44.43,-110.42,91.0
WYOMING,44.43,-110.42,70.0
WYOMING,44.43,-110.42,90.0
WYOMING,44.43,-110.42,85.0
WYOMING,44.43,-110.42,73.0
WYOMING,44.43,-110.42,89.0
WYOMING,44.43,-110.42,93.0
WYOMING,44.43,-110.43,93.0
WYOMING,44.44,-110.43,94.0
WYOMING,44.43,-110.43,90.6
WYOMING,44.43,-110.43,92.0
WYOMING,44.43,-110.41,92.0
WYOMING,44.44,-110.43,79.0
WYOMING,44.43,-110.43,84.0
WYOMING,44.43,-110.43,85.0
WYOMING,44.43,-110.43,88.0
WYOMING,44.43,-110.43,94.0
WYOMING,44.27,-110.5,71.0
WYOMING,44.26,-110.34,94.0
WYOMING,44.26,-110.34,95.0
WYOMING,43.4,-108.12,52.0
WYOMING,43.4,-108.12,52.0
WYOMING,44.39,-110.5,60.0
WYOMING,44.39,-110.5,61.8
WYOMING,44.31,-110.5,94.0
WYOMING,44.27,-110.5,68.0
WYOMING,44.27,-110.49,90.0
WYOMING,44.28,-110.5,81.0
WYOMING,44.28,-110.5,90.8
WYOMING,44.28,-110.5,83.7
WYOMING,44.28,-110.5,71.0
WYOMING,44.27,-110.5,63.0
WYOMING,44.28,-110.5,77.0
WYOMING,44.27,-110.49,63.0
WYOMING,44.28,-110.5,93.7
WYOMING,44.27,-110.5,55.0
WYOMING,44.27,-110.5,93.5
WYOMING,44.27,-110.5,93.0
WYOMING,44.27,-110.49,94.1
WYOMING,44.28,-110.5,90.5
WYOMING,44.28,-110.51,92.8
WYOMING,44.27,-110.51,70.0
WYOMING,44.27,-110.51,92.5
WYOMING,44.27,-110.51,92.7
WYOMING,44.27,-110.49,81.0
WYOMING,44.28,-110.51,94.5
WYOMING,44.27,-110.5,87.0
WYOMING,44.27,-110.49,82.0
WYOMING,44.28,-110.5,88.0
WYOMING,44.27,-110.5,93.5
WYOMING,44.28,-110.51,84.0
WYOMING,44.27,-110.49,82.5
WYOMING,44.27,-110.49,64.0
WYOMING,44.27,-110.5,83.0
WYOMING,44.28,-110.51,83.0
WYOMING,44.27,-110.49,89.0
WYOMING,44.27,-110.5,84.0
WYOMING,44.27,-110.5,89.0
WYOMING,44.27,-110.49,91.0
WYOMING,44.28,-110.51,80.0
WYOMING,44.28,-110.5,80.0
WYOMING,44.28,-110.5,89.0
WYOMING,44.28,-110.5,63.0
WYOMING,44.28,-110.5,75.0
WYOMING,44.28,-110.5,83.0
WYOMING,44.28,-110.51,80.0
WYOMING,44.28,-110.5,77.0
WYOMING,44.27,-110.5,87.0
WYOMING,44.27,-110.5,92.0
WYOMING,44.27,-110.49,75.0
WYOMING,44.28,-110.5,88.6
WYOMING,44.28,-110.5,91.0
WYOMING,44.28,-110.51,76.0
WYOMING,43.4,-108.12,51.0
WYOMING,44.25,-110.34,90.0
WYOMING,44.24,-110.34,84.1
WYOMING,44.24,-110.34,89.0
WYOMING,44.25,-110.34,78.5
WYOMING,43.39,-108.11,53.0
WYOMING,43.39,-108.11,53.0
WYOMING,44.42,-110.44,52.0
WYOMING,44.54,-110.23,89.4
WYOMING,44.42,-110.44,51.0
WYOMING,44.54,-110.23,92.5
WYOMING,44.45,-110.25,81.5
WYOMING,44.31,-110.5,76.0
WYOMING,44.27,-110.5,95.0
WYOMING,44.32,-110.47,93.0
WYOMING,44.28,-110.51,84.5
WYOMING,44.37,-110.25,85.5
WYOMING,44.58,-110.42,73.5
WYOMING,44.33,-110.49,95.0
WYOMING,44.28,-110.51,95.0
WYOMING,44.39,-110.5,66.0
WYOMING,44.32,-110.15,86.1
WYOMING,44.39,-110.28,79.8
WYOMING,44.32,-110.15,88.8
WYOMING,44.39,-110.29,70.6
WYOMING,44.46,-110.25,88.0
WYOMING,44.39,-110.28,85.0
WYOMING,44.39,-110.28,87.0
WYOMING,44.28,-110.5,87.0
